File Number,MP3 to WAV,WAV to RAW,RNNoise,RAW to Output WAV
232.mp3,0.05909252166748047,0.10100769996643066,0.11542797088623047,0.0034732818603515625
569.mp3,0.10285282135009766,0.12126946449279785,0.13967490196228027,0.003787994384765625
395.mp3,0.11261391639709473,0.10296034812927246,0.523573637008667,0.014056921005249023
234.mp3,0.18334293365478516,0.1620481014251709,0.2241048812866211,0.005313873291015625
440.mp3,0.11779284477233887,0.11606597900390625,0.1460130214691162,0.0038995742797851562
61.mp3,0.1122140884399414,0.1357729434967041,0.21167230606079102,0.004683732986450195
169.mp3,0.1614987850189209,0.08758425712585449,0.4167492389678955,0.005837678909301758
71.mp3,0.1687908172607422,0.11845254898071289,0.17105317115783691,0.011038541793823242
492.mp3,0.1534876823425293,0.1612074375152588,0.20628046989440918,0.00461888313293457
443.mp3,0.11651015281677246,0.2351818084716797,0.49051713943481445,0.01400613784790039
606.mp3,0.17782998085021973,0.10691285133361816,0.09206008911132812,0.0033931732177734375
390.mp3,0.11216068267822266,0.09174776077270508,0.20412635803222656,0.006569623947143555
721.mp3,0.12689614295959473,0.09448099136352539,0.28020310401916504,0.004820823669433594
216.mp3,0.10957193374633789,0.10321235656738281,0.15850043296813965,0.00402522087097168
523.mp3,0.0978081226348877,0.09465503692626953,0.10529232025146484,0.0035004615783691406
723.mp3,0.08837413787841797,0.0998697280883789,0.05649971961975098,0.0033020973205566406
358.mp3,0.10265016555786133,0.08519601821899414,0.10681390762329102,0.0040357112884521484
119.mp3,0.08208990097045898,0.09448552131652832,0.1288590431213379,0.004492759704589844
99.mp3,0.09816980361938477,0.10418343544006348,0.341991662979126,0.0075414180755615234
86.mp3,0.1736891269683838,0.10743379592895508,0.2769646644592285,0.009111166000366211
229.mp3,0.18293428421020508,0.11970067024230957,0.44542813301086426,0.007961034774780273
146.mp3,0.18605542182922363,0.11029648780822754,0.3646667003631592,0.006309986114501953
641.mp3,0.15962696075439453,0.11422300338745117,0.18799829483032227,0.0038590431213378906
257.mp3,0.23159527778625488,0.11678099632263184,0.10809326171875,0.009778976440429688
628.mp3,0.15975022315979004,0.15808701515197754,0.3402419090270996,0.012138605117797852
596.mp3,0.14777350425720215,0.11699509620666504,0.09186148643493652,0.0034754276275634766
308.mp3,0.1578359603881836,0.0970919132232666,0.23166203498840332,0.0046367645263671875
661.mp3,0.07643532752990723,0.09204506874084473,0.14312124252319336,0.00400853157043457
636.mp3,0.12851238250732422,0.11869192123413086,0.2520334720611572,0.00827479362487793
315.mp3,0.09235787391662598,0.1001279354095459,0.289395809173584,0.006288290023803711
342.mp3,0.1578540802001953,0.10502505302429199,0.11557316780090332,0.0037207603454589844
453.mp3,0.08531451225280762,0.13334369659423828,0.10152578353881836,0.004107952117919922
566.mp3,0.14666271209716797,0.09479832649230957,0.20786666870117188,0.012801408767700195
655.mp3,0.15838885307312012,0.10563540458679199,0.08202195167541504,0.0034437179565429688
350.mp3,0.1576826572418213,0.10334038734436035,0.25600624084472656,0.005423545837402344
727.mp3,0.10642242431640625,0.14060306549072266,0.20696353912353516,0.008906364440917969
567.mp3,0.11591243743896484,0.13089489936828613,0.15201306343078613,0.0051555633544921875
382.mp3,0.12021183967590332,0.12005472183227539,0.15445637702941895,0.004236698150634766
98.mp3,0.14257431030273438,0.10721588134765625,0.15483546257019043,0.004035472869873047
276.mp3,0.13317275047302246,0.10536456108093262,0.35434675216674805,0.009171724319458008
638.mp3,0.17792296409606934,0.11842703819274902,0.22314667701721191,0.005984067916870117
160.mp3,0.14162540435791016,0.11274933815002441,0.11154294013977051,0.003613710403442383
19.mp3,0.11322259902954102,0.09459662437438965,0.23666048049926758,0.005056619644165039
51.mp3,0.12161827087402344,0.1075890064239502,0.3063483238220215,0.005092620849609375
506.mp3,0.13967490196228027,0.13282108306884766,0.285785436630249,0.0048389434814453125
346.mp3,0.07983899116516113,0.10363435745239258,0.08208894729614258,0.0044367313385009766
123.mp3,0.13176441192626953,0.13088750839233398,0.09270596504211426,0.0034668445587158203
66.mp3,0.12367916107177734,0.11636495590209961,0.17656397819519043,0.0041086673736572266
598.mp3,0.11637163162231445,0.09887886047363281,0.20601606369018555,0.0044329166412353516
505.mp3,0.12150931358337402,0.10417008399963379,0.08672785758972168,0.0037517547607421875
129.mp3,0.12917542457580566,0.13257098197937012,0.0827643871307373,0.003552675247192383
95.mp3,0.07320737838745117,0.06941795349121094,0.08112072944641113,0.003465890884399414
704.mp3,0.10649991035461426,0.09179806709289551,0.11292695999145508,0.003890514373779297
589.mp3,0.08857321739196777,0.06422567367553711,0.16738176345825195,0.004301309585571289
423.mp3,0.08234548568725586,0.08066082000732422,0.11446094512939453,0.0047838687896728516
354.mp3,0.09571957588195801,0.0667269229888916,0.24126911163330078,0.0052947998046875
333.mp3,0.11237049102783203,0.07599377632141113,0.16567516326904297,0.004492521286010742
394.mp3,0.08322715759277344,0.08318614959716797,0.14355063438415527,0.004303932189941406
335.mp3,0.0803382396697998,0.0702812671661377,0.16557669639587402,0.005804777145385742
311.mp3,0.09894371032714844,0.06540274620056152,0.0897665023803711,0.003626108169555664
593.mp3,0.10990333557128906,0.06874775886535645,0.1030123233795166,0.0038471221923828125
510.mp3,0.10951995849609375,0.06508278846740723,0.2058110237121582,0.004586458206176758
364.mp3,0.10631656646728516,0.06545567512512207,0.16853809356689453,0.004332304000854492
496.mp3,0.06749272346496582,0.06474494934082031,0.1358940601348877,0.004450082778930664
103.mp3,0.20332932472229004,0.06809759140014648,0.1813359260559082,0.004546165466308594
706.mp3,0.060394287109375,0.06410384178161621,0.03485536575317383,0.0033512115478515625
130.mp3,0.11367630958557129,0.07382750511169434,0.16817259788513184,0.004564046859741211
142.mp3,0.10294246673583984,0.06397867202758789,0.0780339241027832,0.02226853370666504
84.mp3,0.10665535926818848,0.0649712085723877,0.18389606475830078,0.005152463912963867
733.mp3,0.11588668823242188,0.0714409351348877,0.041721343994140625,0.003720521926879883
1.mp3,0.07251834869384766,0.06946516036987305,0.20134425163269043,0.004717588424682617
670.mp3,0.0705406665802002,0.06441545486450195,0.06814241409301758,0.003676176071166992
131.mp3,0.07525777816772461,0.0661470890045166,0.10259222984313965,0.005074262619018555
213.mp3,0.06744527816772461,0.06376886367797852,0.09334683418273926,0.003916501998901367
472.mp3,0.07564139366149902,0.07089877128601074,0.1815321445465088,0.005101203918457031
436.mp3,0.10426139831542969,0.06523513793945312,0.13597369194030762,0.004231929779052734
22.mp3,0.09982109069824219,0.0659794807434082,0.08663034439086914,0.0036840438842773438
60.mp3,0.07483935356140137,0.06951665878295898,0.13999557495117188,0.004280805587768555
633.mp3,0.09931707382202148,0.06534647941589355,0.07381987571716309,0.0036058425903320312
54.mp3,0.0647726058959961,0.06604385375976562,0.07981276512145996,0.004083156585693359
345.mp3,0.10064482688903809,0.06579470634460449,0.15740036964416504,0.004452228546142578
221.mp3,0.2354886531829834,0.07708621025085449,0.18683385848999023,0.004681587219238281
729.mp3,0.12261843681335449,0.06722092628479004,0.0972757339477539,0.003783702850341797
610.mp3,0.07746124267578125,0.0701589584350586,0.1691439151763916,0.004541158676147461
73.mp3,0.06730914115905762,0.06782793998718262,0.0835568904876709,0.003776073455810547
316.mp3,0.07190895080566406,0.06450438499450684,0.16894984245300293,0.004631757736206055
431.mp3,0.07589864730834961,0.0644068717956543,0.17431306838989258,0.004837751388549805
17.mp3,0.1071939468383789,0.07645392417907715,0.11877632141113281,0.004276752471923828
88.mp3,0.12084031105041504,0.06781697273254395,0.13721871376037598,0.004327297210693359
413.mp3,0.11760234832763672,0.06831002235412598,0.1265573501586914,0.00433039665222168
265.mp3,0.08278417587280273,0.06638789176940918,0.2039027214050293,0.004755735397338867
286.mp3,0.09471869468688965,0.07457232475280762,0.05509376525878906,0.0033969879150390625
681.mp3,0.11765480041503906,0.07192087173461914,0.13445353507995605,0.004035234451293945
231.mp3,0.07357382774353027,0.06581830978393555,0.18926453590393066,0.0052416324615478516
639.mp3,0.09776568412780762,0.07066917419433594,0.08762764930725098,0.004078388214111328
184.mp3,0.7160489559173584,0.06910848617553711,0.13229966163635254,0.0042879581451416016
307.mp3,0.1081991195678711,0.06636428833007812,0.20832300186157227,0.0075457096099853516
14.mp3,0.1266317367553711,0.065948486328125,0.148026704788208,0.0042002201080322266
539.mp3,0.06714415550231934,0.06660985946655273,0.07820510864257812,0.0035657882690429688
39.mp3,0.07886791229248047,0.0666191577911377,0.2275221347808838,0.005494832992553711
63.mp3,0.13144159317016602,0.06917262077331543,0.15374374389648438,0.0043752193450927734
292.mp3,0.1088566780090332,0.06648802757263184,0.20031332969665527,0.004653453826904297
694.mp3,0.10413742065429688,0.06530237197875977,0.07983589172363281,0.0036499500274658203
743.mp3,0.1042020320892334,0.06417036056518555,0.07793331146240234,0.18814396858215332
243.mp3,0.36725544929504395,0.06677055358886719,0.17502307891845703,0.004463911056518555
293.mp3,0.0763542652130127,0.06541705131530762,0.16774272918701172,0.00450444221496582
717.mp3,0.08181309700012207,0.06711959838867188,0.14296269416809082,0.00449371337890625
451.mp3,0.0899357795715332,0.0664680004119873,0.20689082145690918,0.004850625991821289
509.mp3,0.11391925811767578,0.06564068794250488,0.17017626762390137,0.0049571990966796875
374.mp3,0.06130218505859375,0.06514096260070801,0.03667116165161133,0.0033910274505615234
78.mp3,0.11505746841430664,0.06795763969421387,0.13160443305969238,0.004209041595458984
106.mp3,0.07172393798828125,0.06612849235534668,0.07474207878112793,0.003621816635131836
249.mp3,0.07136821746826172,0.06685876846313477,0.20492005348205566,0.005066394805908203
253.mp3,0.0950465202331543,0.06417107582092285,0.09820914268493652,0.0038254261016845703
209.mp3,0.0646827220916748,0.06497740745544434,0.12269186973571777,0.004202842712402344
577.mp3,0.10038256645202637,0.06853461265563965,0.05562543869018555,0.003531932830810547
55.mp3,0.10458779335021973,0.06599259376525879,0.12934279441833496,0.004574298858642578
248.mp3,0.1128532886505127,0.06556987762451172,0.18262410163879395,0.004770040512084961
412.mp3,0.10605549812316895,0.07219386100769043,0.04313945770263672,0.003536701202392578
452.mp3,0.2930319309234619,0.06722831726074219,0.16108012199401855,0.0047473907470703125
149.mp3,0.0931251049041748,0.06537055969238281,0.11134696006774902,0.004363059997558594
414.mp3,0.07866024971008301,0.06440496444702148,0.09380793571472168,0.0041468143463134766
411.mp3,0.06992316246032715,0.06467914581298828,0.14289450645446777,0.004369020462036133
272.mp3,0.0959475040435791,0.06573128700256348,0.08620929718017578,0.003937959671020508
427.mp3,0.10276412963867188,0.06715059280395508,0.09003996849060059,0.005081892013549805
507.mp3,0.07407188415527344,0.0688478946685791,0.13369965553283691,0.004160642623901367
204.mp3,0.06774497032165527,0.06535577774047852,0.10753798484802246,0.0038933753967285156
166.mp3,0.07736396789550781,0.06506729125976562,0.21202349662780762,0.004743814468383789
602.mp3,0.07152748107910156,0.06557083129882812,0.06536626815795898,0.003720998764038086
580.mp3,0.06536126136779785,0.06409120559692383,0.11408233642578125,0.003908634185791016
397.mp3,0.19557881355285645,0.06941366195678711,0.1462078094482422,0.0057866573333740234
635.mp3,0.10994410514831543,0.07304143905639648,0.09948444366455078,0.003999948501586914
136.mp3,0.06201362609863281,0.06397509574890137,0.04818892478942871,0.0034449100494384766
365.mp3,0.10934114456176758,0.06503915786743164,0.19522571563720703,0.004920005798339844
193.mp3,0.12845969200134277,0.06557035446166992,0.20020484924316406,0.004681825637817383
377.mp3,0.12021255493164062,0.06619930267333984,0.180833101272583,0.004555702209472656
291.mp3,0.10821413993835449,0.07220172882080078,0.23388123512268066,0.004914045333862305
375.mp3,0.06579828262329102,0.06501936912536621,0.1087348461151123,0.004458427429199219
121.mp3,0.14797687530517578,0.06563663482666016,0.07532930374145508,0.0038580894470214844
376.mp3,0.0717008113861084,0.0670311450958252,0.18958306312561035,0.005055665969848633
460.mp3,0.11895942687988281,0.06756973266601562,0.08818674087524414,0.003926753997802734
511.mp3,0.10640668869018555,0.06597733497619629,0.17470073699951172,0.005191802978515625
157.mp3,0.07371258735656738,0.06646919250488281,0.15438508987426758,0.00445556640625
442.mp3,0.0650627613067627,0.06524968147277832,0.07907581329345703,0.0038900375366210938
93.mp3,0.06553530693054199,0.06771326065063477,0.1279613971710205,0.004035472869873047
217.mp3,0.06986808776855469,0.06622171401977539,0.11662936210632324,0.0040967464447021484
192.mp3,0.14637470245361328,0.08010220527648926,0.08694696426391602,0.01926732063293457
508.mp3,0.10342812538146973,0.06564140319824219,0.22362780570983887,0.005002737045288086
284.mp3,0.1366257667541504,0.066253662109375,0.1862039566040039,0.004670381546020508
535.mp3,0.1193227767944336,0.06671452522277832,0.20601439476013184,0.004864215850830078
471.mp3,0.09693145751953125,0.06599950790405273,0.08031845092773438,0.003609180450439453
369.mp3,0.10849666595458984,0.07160592079162598,0.18859505653381348,0.005128383636474609
541.mp3,0.07375454902648926,0.0720517635345459,0.20311641693115234,0.00494384765625
210.mp3,0.09952807426452637,0.06950879096984863,0.0487828254699707,0.00337982177734375
388.mp3,0.19073915481567383,0.08053421974182129,0.08427643775939941,0.0037386417388916016
518.mp3,0.13055658340454102,0.06687784194946289,0.17585039138793945,0.004446506500244141
516.mp3,0.11330056190490723,0.07130575180053711,0.10241127014160156,0.005140781402587891
226.mp3,0.1405017375946045,0.07351136207580566,0.2831306457519531,0.005347728729248047
140.mp3,0.12336373329162598,0.06682062149047852,0.2418532371520996,0.005464315414428711
419.mp3,0.07600569725036621,0.06460809707641602,0.1936488151550293,0.004786252975463867
420.mp3,0.19070768356323242,0.0675511360168457,0.12322735786437988,0.0041255950927734375
475.mp3,0.09913110733032227,0.06445980072021484,0.05916619300842285,0.0035538673400878906
59.mp3,0.11911988258361816,0.07000064849853516,0.1559736728668213,0.004486083984375
9.mp3,0.09583926200866699,0.06503558158874512,0.0838017463684082,0.0038704872131347656
152.mp3,0.06696128845214844,0.06519198417663574,0.07767939567565918,0.003757476806640625
406.mp3,0.10036063194274902,0.06370902061462402,0.13389110565185547,0.0042362213134765625
457.mp3,0.09814810752868652,0.0665593147277832,0.09834861755371094,0.004330158233642578
87.mp3,0.06892991065979004,0.06582498550415039,0.12797808647155762,0.0046727657318115234
101.mp3,0.10402798652648926,0.06638526916503906,0.2239089012145996,0.0051441192626953125
524.mp3,0.11126089096069336,0.06851410865783691,0.17281603813171387,0.004566669464111328
368.mp3,0.09470772743225098,0.06612014770507812,0.055860042572021484,0.003587007522583008
481.mp3,0.10800552368164062,0.06557059288024902,0.0763092041015625,0.0035414695739746094
599.mp3,0.13731932640075684,0.0685880184173584,0.1981792449951172,0.004641056060791016
726.mp3,0.09201717376708984,0.07040953636169434,0.10695099830627441,0.004025697708129883
289.mp3,0.06529545783996582,0.06499886512756348,0.10286378860473633,0.00389862060546875
548.mp3,0.11658096313476562,0.07033181190490723,0.1604938507080078,0.004534006118774414
591.mp3,0.1166987419128418,0.06377625465393066,0.12503361701965332,0.004133701324462891
65.mp3,0.5984065532684326,0.0641777515411377,0.08489346504211426,0.003844022750854492
0.mp3,0.10142016410827637,0.06830811500549316,0.14505219459533691,0.0042917728424072266
677.mp3,0.11276555061340332,0.09371566772460938,0.11945438385009766,0.0038585662841796875
484.mp3,0.07348012924194336,0.0670318603515625,0.15716028213500977,0.004241228103637695
82.mp3,0.1147458553314209,0.07108879089355469,0.05120730400085449,0.0036153793334960938
649.mp3,0.1264030933380127,0.06506872177124023,0.2062065601348877,0.004937171936035156
179.mp3,0.06906723976135254,0.06476879119873047,0.13656258583068848,0.004137754440307617
349.mp3,0.10213685035705566,0.06745791435241699,0.10103631019592285,0.05162978172302246
689.mp3,0.17716193199157715,0.07070326805114746,0.08349895477294922,0.0036025047302246094
70.mp3,0.06481385231018066,0.06501317024230957,0.07149243354797363,0.003934144973754883
155.mp3,0.12549185752868652,0.06478619575500488,0.18808388710021973,0.00511932373046875
114.mp3,0.1290268898010254,0.0656895637512207,0.11294937133789062,0.0038650035858154297
601.mp3,0.10750627517700195,0.06623530387878418,0.1819145679473877,0.0047266483306884766
90.mp3,0.10060262680053711,0.06496405601501465,0.13219356536865234,0.004518985748291016
285.mp3,0.18784403800964355,0.06763720512390137,0.07740330696105957,0.003642559051513672
735.mp3,0.10718393325805664,0.06734824180603027,0.21829581260681152,0.004876375198364258
125.mp3,0.11495637893676758,0.06865453720092773,0.1703968048095703,0.00472259521484375
478.mp3,0.06569194793701172,0.06783246994018555,0.07840895652770996,0.003819704055786133
218.mp3,0.06800532341003418,0.06943011283874512,0.1479949951171875,0.004352569580078125
494.mp3,0.09776663780212402,0.07106733322143555,0.053751468658447266,0.0037145614624023438
695.mp3,0.1017608642578125,0.06890296936035156,0.07558369636535645,0.003790140151977539
122.mp3,0.10794448852539062,0.0710303783416748,0.09188389778137207,0.003939390182495117
301.mp3,0.062012672424316406,0.06900215148925781,0.09157395362854004,0.003746509552001953
361.mp3,0.1200857162475586,0.06654644012451172,0.1567394733428955,0.004462718963623047
5.mp3,0.09628558158874512,0.06517601013183594,0.15069103240966797,0.004240512847900391
378.mp3,0.0752708911895752,0.06600213050842285,0.17393136024475098,0.004590749740600586
587.mp3,0.09485721588134766,0.06618213653564453,0.07191610336303711,0.003999948501586914
269.mp3,0.06779170036315918,0.06510782241821289,0.04543113708496094,0.0036933422088623047
321.mp3,0.1367039680480957,0.06874823570251465,0.21383881568908691,0.004709720611572266
468.mp3,0.11456155776977539,0.07237982749938965,0.1872260570526123,0.004815101623535156
207.mp3,0.07254934310913086,0.06556582450866699,0.17747712135314941,0.004488229751586914
141.mp3,0.11563515663146973,0.06832480430603027,0.19638776779174805,0.0049839019775390625
405.mp3,0.11172604560852051,0.06710934638977051,0.16966843605041504,0.004487037658691406
47.mp3,0.12890076637268066,0.06639838218688965,0.1765727996826172,0.004226207733154297
710.mp3,0.06751370429992676,0.06519865989685059,0.13500118255615234,0.00457310676574707
230.mp3,0.10373330116271973,0.06692004203796387,0.0732424259185791,0.0035800933837890625
644.mp3,0.09305286407470703,0.06440472602844238,0.09044742584228516,0.003667116165161133
50.mp3,0.11513996124267578,0.06611227989196777,0.11909675598144531,0.0041332244873046875
389.mp3,0.11893439292907715,0.06743884086608887,0.08968520164489746,0.0036318302154541016
341.mp3,0.11888813972473145,0.06819629669189453,0.12412095069885254,0.0038499832153320312
348.mp3,0.1074070930480957,0.0645301342010498,0.1639573574066162,0.004540205001831055
435.mp3,0.10414719581604004,0.0646672248840332,0.13423776626586914,0.17932891845703125
434.mp3,0.1450333595275879,0.08324384689331055,0.04762530326843262,0.0033617019653320312
260.mp3,0.21662616729736328,0.07200264930725098,0.15938568115234375,0.004528045654296875
487.mp3,0.06515264511108398,0.06532692909240723,0.08278536796569824,0.0037946701049804688
630.mp3,0.0767202377319336,0.06731724739074707,0.18659424781799316,0.004600048065185547
385.mp3,0.40777087211608887,0.0654745101928711,0.17022418975830078,0.004672527313232422
430.mp3,0.06429266929626465,0.06619524955749512,0.07439255714416504,0.003712177276611328
313.mp3,0.0998079776763916,0.07143235206604004,0.04898524284362793,0.003715038299560547
454.mp3,0.10604715347290039,0.07032179832458496,0.21002769470214844,0.0046918392181396484
653.mp3,0.1061253547668457,0.06514096260070801,0.10301995277404785,0.003700733184814453
331.mp3,0.08254337310791016,0.06531095504760742,0.16475701332092285,0.004337787628173828
163.mp3,0.10598397254943848,0.06759095191955566,0.15706729888916016,0.004417896270751953
665.mp3,0.10953354835510254,0.06996989250183105,0.1128392219543457,0.003968954086303711
467.mp3,0.09718990325927734,0.06777501106262207,0.06799507141113281,0.0036783218383789062
645.mp3,0.07847809791564941,0.06647586822509766,0.17000293731689453,0.004796266555786133
298.mp3,0.08945989608764648,0.06488966941833496,0.07664775848388672,0.0037772655487060547
446.mp3,0.14108967781066895,0.06772923469543457,0.17979669570922852,0.004680633544921875
528.mp3,0.10725903511047363,0.07074213027954102,0.15643310546875,0.004262208938598633
560.mp3,0.09580707550048828,0.07196736335754395,0.1009361743927002,0.005598545074462891
530.mp3,0.10146808624267578,0.07082700729370117,0.15071916580200195,0.004386186599731445
241.mp3,0.3824629783630371,0.06952595710754395,0.17373895645141602,0.0049953460693359375
317.mp3,0.06855487823486328,0.06811213493347168,0.10809612274169922,0.004168987274169922
652.mp3,0.11726069450378418,0.07111239433288574,0.0820920467376709,0.0037851333618164062
425.mp3,0.07697534561157227,0.06907010078430176,0.20749878883361816,0.004929065704345703
191.mp3,0.12172293663024902,0.0829625129699707,0.09960269927978516,0.0038945674896240234
116.mp3,0.1192328929901123,0.06790876388549805,0.12427663803100586,0.003983020782470703
578.mp3,0.10369658470153809,0.0757293701171875,0.2045297622680664,0.005532264709472656
485.mp3,0.10309123992919922,0.06377863883972168,0.061260223388671875,0.003587484359741211
347.mp3,0.1076810359954834,0.06778717041015625,0.18257498741149902,0.004789113998413086
18.mp3,0.0777580738067627,0.06537461280822754,0.1659841537475586,0.00496673583984375
236.mp3,0.12514758110046387,0.07064437866210938,0.21114206314086914,0.004976987838745117
656.mp3,0.10329914093017578,0.06664109230041504,0.1500866413116455,0.004449129104614258
609.mp3,0.2531733512878418,0.07401013374328613,0.10981059074401855,0.003846406936645508
557.mp3,0.12131810188293457,0.07102012634277344,0.1089024543762207,0.004101276397705078
250.mp3,0.6405901908874512,0.0672001838684082,0.05012941360473633,0.0035889148712158203
314.mp3,0.06461167335510254,0.06889677047729492,0.11909055709838867,0.0043375492095947266
10.mp3,0.10444521903991699,0.06595349311828613,0.06662416458129883,0.0041484832763671875
687.mp3,0.10041451454162598,0.07082748413085938,0.11201691627502441,0.004155635833740234
651.mp3,0.09946823120117188,0.06691765785217285,0.06608343124389648,0.0038750171661376953
426.mp3,0.0683751106262207,0.07046651840209961,0.14893078804016113,0.0043108463287353516
343.mp3,0.10297513008117676,0.06724286079406738,0.2160658836364746,0.005074024200439453
72.mp3,0.09325218200683594,0.06535816192626953,0.07429337501525879,0.0038080215454101562
273.mp3,0.0673067569732666,0.06511783599853516,0.07713127136230469,0.0037055015563964844
145.mp3,0.1168050765991211,0.06854033470153809,0.2058713436126709,0.0050220489501953125
294.mp3,0.1148691177368164,0.0783998966217041,0.07262825965881348,0.003713369369506836
150.mp3,0.10292887687683105,0.07470941543579102,0.10765552520751953,0.003885984420776367
558.mp3,0.06748294830322266,0.06618881225585938,0.10016012191772461,0.0037665367126464844
408.mp3,0.1276848316192627,0.06683540344238281,0.16724681854248047,0.004559516906738281
716.mp3,0.10856294631958008,0.0685579776763916,0.2012617588043213,0.00503087043762207
62.mp3,0.07311391830444336,0.06514811515808105,0.20281410217285156,0.00477290153503418
387.mp3,0.1059563159942627,0.06637907028198242,0.17674565315246582,0.0048749446868896484
713.mp3,0.09508323669433594,0.06494641304016113,0.04528689384460449,0.0033407211303710938
356.mp3,0.1092374324798584,0.0700368881225586,0.1305983066558838,0.004427909851074219
664.mp3,0.07326388359069824,0.0650935173034668,0.16095948219299316,0.0046269893646240234
662.mp3,0.1010587215423584,0.06462693214416504,0.055440664291381836,0.003648996353149414
584.mp3,0.06735110282897949,0.06711053848266602,0.16184544563293457,0.005110979080200195
357.mp3,0.12015271186828613,0.07187986373901367,0.17415070533752441,0.00445103645324707
448.mp3,0.09841680526733398,0.06799912452697754,0.14591288566589355,0.004352569580078125
581.mp3,0.11170721054077148,0.10681915283203125,0.07709932327270508,0.003563404083251953
117.mp3,0.10953950881958008,0.0679786205291748,0.19967317581176758,0.004591703414916992
700.mp3,0.06772279739379883,0.07237648963928223,0.16309213638305664,0.004711627960205078
688.mp3,0.09921693801879883,0.07217931747436523,0.08812069892883301,0.0044629573822021484
379.mp3,0.09389090538024902,0.06857919692993164,0.19177722930908203,0.004532575607299805
220.mp3,0.10941791534423828,0.06826925277709961,0.07636475563049316,0.004978179931640625
515.mp3,0.13784456253051758,0.06799435615539551,0.18758654594421387,0.005391359329223633
629.mp3,1.2301719188690186,0.0681755542755127,0.2141101360321045,0.004652500152587891
672.mp3,0.10637688636779785,0.06814193725585938,0.21039104461669922,0.020429372787475586
363.mp3,0.11351585388183594,0.07190918922424316,0.185316801071167,0.004502534866333008
165.mp3,0.10669255256652832,0.06496524810791016,0.16966485977172852,0.004769086837768555
724.mp3,0.1091301441192627,0.06835508346557617,0.09794330596923828,0.003793001174926758
102.mp3,0.1027371883392334,0.0661613941192627,0.16430425643920898,0.004612445831298828
624.mp3,0.10438156127929688,0.06698274612426758,0.09999251365661621,0.004012584686279297
74.mp3,0.07985234260559082,0.06614947319030762,0.1971285343170166,0.004694938659667969
683.mp3,0.10715484619140625,0.07024836540222168,0.16247034072875977,0.004673004150390625
68.mp3,0.09930968284606934,0.0647115707397461,0.06944823265075684,0.0035648345947265625
108.mp3,0.12476301193237305,0.06580400466918945,0.12889790534973145,0.0041425228118896484
625.mp3,0.08006691932678223,0.06994390487670898,0.19577574729919434,0.005240440368652344
422.mp3,0.06560707092285156,0.06455588340759277,0.05141043663024902,0.0036292076110839844
362.mp3,0.12403345108032227,0.0699763298034668,0.18784880638122559,0.004592418670654297
565.mp3,0.1097714900970459,0.0738837718963623,0.13369321823120117,0.004110813140869141
211.mp3,0.12007880210876465,0.06725525856018066,0.20021533966064453,0.005445957183837891
732.mp3,0.07160830497741699,0.07239818572998047,0.19548964500427246,0.004490375518798828
520.mp3,0.13717985153198242,0.08486008644104004,0.16440248489379883,0.004839658737182617
334.mp3,0.30367469787597656,0.06891822814941406,0.19641733169555664,0.03553891181945801
172.mp3,0.07780241966247559,0.06604552268981934,0.05137825012207031,0.003427267074584961
304.mp3,0.07095551490783691,0.07264232635498047,0.20947790145874023,0.005047798156738281
372.mp3,0.10536527633666992,0.07371640205383301,0.12200117111206055,0.004350900650024414
42.mp3,0.10870981216430664,0.06790661811828613,0.23874664306640625,0.005009174346923828
107.mp3,0.09778475761413574,0.06585979461669922,0.0796654224395752,0.004019737243652344
27.mp3,0.10526537895202637,0.0665287971496582,0.19630002975463867,0.004604339599609375
120.mp3,0.06151747703552246,0.06494283676147461,0.06422948837280273,0.00391840934753418
244.mp3,0.12767934799194336,0.0720665454864502,0.15471196174621582,0.004220247268676758
603.mp3,0.17759442329406738,0.08329248428344727,0.07034850120544434,0.004164695739746094
402.mp3,0.11581563949584961,0.06770730018615723,0.09658551216125488,0.0043032169342041016
353.mp3,0.10703396797180176,0.0678260326385498,0.15564537048339844,0.004346609115600586
277.mp3,0.10647821426391602,0.06607580184936523,0.1764206886291504,0.004790306091308594
31.mp3,0.1276869773864746,0.07649827003479004,0.19044041633605957,0.005803585052490234
611.mp3,1.123920202255249,0.0698843002319336,0.17251062393188477,0.004668474197387695
692.mp3,0.06896066665649414,0.06705880165100098,0.1730496883392334,0.004678010940551758
600.mp3,0.15614604949951172,0.09507393836975098,0.11224794387817383,0.0039806365966796875
498.mp3,0.0590059757232666,0.06816577911376953,0.04666614532470703,0.003626585006713867
24.mp3,0.37375783920288086,0.0663595199584961,0.056980133056640625,0.0037283897399902344
553.mp3,0.1000356674194336,0.07837152481079102,0.19703292846679688,0.004885673522949219
490.mp3,0.09654617309570312,0.06484866142272949,0.1246025562286377,0.16585731506347656
85.mp3,0.19998693466186523,0.06704401969909668,0.11660337448120117,0.00407099723815918
188.mp3,0.24005961418151855,0.07672286033630371,0.06857681274414062,0.003683805465698242
612.mp3,0.09695196151733398,0.06550240516662598,0.12785983085632324,0.004019498825073242
497.mp3,0.09820032119750977,0.06698942184448242,0.062330007553100586,0.003487110137939453
559.mp3,0.10834836959838867,0.06749081611633301,0.19594788551330566,0.004549980163574219
712.mp3,0.10168170928955078,0.07292056083679199,0.18204903602600098,0.0045337677001953125
200.mp3,0.07299160957336426,0.07198810577392578,0.20826292037963867,0.006551027297973633
575.mp3,0.10370135307312012,0.06627225875854492,0.17546415328979492,0.004507780075073242
40.mp3,0.07255172729492188,0.06962108612060547,0.18062901496887207,0.00448155403137207
415.mp3,0.10369873046875,0.06514739990234375,0.17887187004089355,0.004601240158081055
675.mp3,0.09862422943115234,0.06456184387207031,0.0867612361907959,0.003620624542236328
153.mp3,0.0721282958984375,0.06525802612304688,0.16373848915100098,0.004380941390991211
124.mp3,0.09882259368896484,0.06496167182922363,0.06335330009460449,0.0036568641662597656
11.mp3,0.08107209205627441,0.06771397590637207,0.21878933906555176,0.004597187042236328
538.mp3,0.0620570182800293,0.06542301177978516,0.08873605728149414,0.004110813140869141
252.mp3,0.09377622604370117,0.0655670166015625,0.11300182342529297,0.004237174987792969
109.mp3,0.10131192207336426,0.06875133514404297,0.10134053230285645,0.00421905517578125
67.mp3,0.07278847694396973,0.06574368476867676,0.09635114669799805,0.003944873809814453
514.mp3,0.09549641609191895,0.06888389587402344,0.05167841911315918,0.003386974334716797
648.mp3,0.10645818710327148,0.06968259811401367,0.18894433975219727,0.005041599273681641
324.mp3,0.10850405693054199,0.06517386436462402,0.06440019607543945,0.0035810470581054688
227.mp3,0.06423664093017578,0.06560182571411133,0.09274911880493164,0.003885984420776367
219.mp3,0.10020041465759277,0.0644378662109375,0.09506654739379883,0.004118680953979492
113.mp3,0.11438393592834473,0.06801939010620117,0.19750547409057617,0.0045490264892578125
455.mp3,0.11678957939147949,0.0699167251586914,0.18474364280700684,0.0047147274017333984
647.mp3,0.1092374324798584,0.06940984725952148,0.16942191123962402,0.004640102386474609
242.mp3,0.11134767532348633,0.06670284271240234,0.047072410583496094,0.003573894500732422
111.mp3,0.06915903091430664,0.069305419921875,0.15122556686401367,0.004255056381225586
540.mp3,0.10354256629943848,0.06782221794128418,0.1906421184539795,0.00454258918762207
202.mp3,0.0677485466003418,0.07019925117492676,0.07782220840454102,0.003655672073364258
722.mp3,0.10253667831420898,0.06589984893798828,0.18289732933044434,0.0044727325439453125
705.mp3,0.11029553413391113,0.07003545761108398,0.20744681358337402,0.005132198333740234
201.mp3,0.10289907455444336,0.0715951919555664,0.056589603424072266,0.003531932830810547
2.mp3,0.10975885391235352,0.06905674934387207,0.21668195724487305,0.00522923469543457
502.mp3,0.10927915573120117,0.0693204402923584,0.1952207088470459,0.004678010940551758
447.mp3,0.10600614547729492,0.06536531448364258,0.07608819007873535,0.003650188446044922
697.mp3,0.48668551445007324,0.0722806453704834,0.0823817253112793,0.0036857128143310547
352.mp3,0.3110311031341553,0.08481907844543457,0.15147042274475098,0.004757881164550781
646.mp3,0.12619853019714355,0.09177803993225098,0.13942193984985352,0.00429987907409668
421.mp3,0.11481761932373047,0.07215309143066406,0.1788780689239502,0.004964351654052734
32.mp3,0.10898137092590332,0.06709694862365723,0.1943061351776123,0.004555702209472656
622.mp3,0.1812574863433838,0.11303305625915527,0.046558380126953125,0.0035734176635742188
439.mp3,0.6685645580291748,0.08327150344848633,0.11999320983886719,0.004422426223754883
620.mp3,0.10732316970825195,0.06664204597473145,0.20061779022216797,0.004857540130615234
339.mp3,0.10990333557128906,0.06953072547912598,0.08780193328857422,0.013298511505126953
110.mp3,0.1402738094329834,0.07027769088745117,0.11378240585327148,0.004319190979003906
57.mp3,0.10514020919799805,0.06931877136230469,0.06792116165161133,0.0040171146392822266
550.mp3,0.10515165328979492,0.06647276878356934,0.09248876571655273,0.003919124603271484
168.mp3,0.1298227310180664,0.06601095199584961,0.1463944911956787,0.00435948371887207
563.mp3,0.06807398796081543,0.06609368324279785,0.11152172088623047,0.004080295562744141
618.mp3,0.10692811012268066,0.06966638565063477,0.22249460220336914,0.005124330520629883
46.mp3,0.0982825756072998,0.06493520736694336,0.10113215446472168,0.0037813186645507812
667.mp3,0.1064143180847168,0.06528139114379883,0.13621735572814941,0.004151105880737305
573.mp3,0.11910295486450195,0.07346653938293457,0.13796114921569824,0.004224300384521484
608.mp3,0.10184502601623535,0.06656146049499512,0.1541128158569336,0.004261493682861328
737.mp3,0.07204985618591309,0.06854677200317383,0.09636592864990234,0.0037441253662109375
28.mp3,0.11742711067199707,0.06619668006896973,0.08061432838439941,0.003941059112548828
263.mp3,0.07442426681518555,0.06838464736938477,0.18139100074768066,0.004932403564453125
69.mp3,0.10541820526123047,0.06796836853027344,0.1325361728668213,0.004060268402099609
669.mp3,0.07559037208557129,0.06540441513061523,0.16122841835021973,0.0049762725830078125
398.mp3,0.5049662590026855,0.07198286056518555,0.1445457935333252,0.004312038421630859
449.mp3,0.14946699142456055,0.07940387725830078,0.17586255073547363,0.004463911056518555
654.mp3,0.11261892318725586,0.06623506546020508,0.20269441604614258,0.004728078842163086
247.mp3,0.08085107803344727,0.06909322738647461,0.12145853042602539,0.0041370391845703125
493.mp3,0.1193091869354248,0.10770988464355469,0.11213970184326172,0.003988504409790039
526.mp3,0.13223552703857422,0.08256149291992188,0.12926745414733887,0.004251003265380859
279.mp3,0.1489429473876953,0.10312700271606445,0.183607816696167,0.00553441047668457
438.mp3,0.10403633117675781,0.0671226978302002,0.1814579963684082,0.004455089569091797
203.mp3,0.1236565113067627,0.07538342475891113,0.16652846336364746,0.004481315612792969
473.mp3,0.11349892616271973,0.06772232055664062,0.23865938186645508,0.005197763442993164
15.mp3,1.0216591358184814,0.06586790084838867,0.049509525299072266,0.0039033889770507812
224.mp3,0.07067227363586426,0.06859040260314941,0.1536867618560791,0.0041544437408447266
175.mp3,0.11103677749633789,0.06782245635986328,0.22155475616455078,0.005255222320556641
127.mp3,0.2571229934692383,0.12694573402404785,0.09955811500549316,0.003758668899536133
400.mp3,0.15818119049072266,0.090057373046875,0.06788063049316406,0.0035791397094726562
464.mp3,0.06423044204711914,0.06727242469787598,0.06899857521057129,0.003538370132446289
303.mp3,0.11476445198059082,0.06541180610656738,0.17683815956115723,0.004444122314453125
574.mp3,0.09822654724121094,0.06645560264587402,0.10501337051391602,0.004434823989868164
546.mp3,0.11162471771240234,0.0692605972290039,0.18636465072631836,0.006111860275268555
554.mp3,1.0696532726287842,0.07277989387512207,0.1737046241760254,0.004579782485961914
403.mp3,0.09719014167785645,0.06585407257080078,0.11128830909729004,0.0038607120513916016
310.mp3,0.28626370429992676,0.08589816093444824,0.19875264167785645,0.005087137222290039
118.mp3,0.14049434661865234,0.06795239448547363,0.18207550048828125,0.004492282867431641
270.mp3,0.09831976890563965,0.06635475158691406,0.07953715324401855,0.0036895275115966797
171.mp3,0.07535266876220703,0.06589055061340332,0.0899653434753418,0.004514217376708984
616.mp3,0.13838863372802734,0.07904839515686035,0.20828604698181152,0.0052607059478759766
392.mp3,0.10402798652648926,0.06645083427429199,0.08032369613647461,0.0036482810974121094
391.mp3,0.09350395202636719,0.07617616653442383,0.08031845092773438,0.0035979747772216797
176.mp3,0.11317181587219238,0.06495499610900879,0.18350553512573242,0.004510641098022461
657.mp3,0.10240888595581055,0.06530356407165527,0.16427230834960938,0.004650115966796875
488.mp3,0.1047048568725586,0.07721495628356934,0.14844560623168945,0.004358768463134766
685.mp3,0.10947418212890625,0.06813645362854004,0.22506046295166016,0.012201547622680664
542.mp3,0.25188469886779785,0.07255148887634277,0.08413577079772949,0.004104137420654297
663.mp3,0.13381361961364746,0.0786445140838623,0.05902552604675293,0.0035200119018554688
89.mp3,0.11509513854980469,0.07971930503845215,0.21023893356323242,0.005568027496337891
531.mp3,0.25385570526123047,0.07479977607727051,0.19411373138427734,0.006746053695678711
185.mp3,0.6534078121185303,0.0900726318359375,0.2027263641357422,0.06384897232055664
707.mp3,0.2887845039367676,0.09562945365905762,0.18838930130004883,0.0050601959228515625
336.mp3,0.1547231674194336,0.11607646942138672,0.09106326103210449,0.0039484500885009766
94.mp3,0.5023126602172852,0.0697019100189209,0.13714027404785156,0.005101442337036133
547.mp3,0.407090425491333,0.10865116119384766,0.0896294116973877,0.003855466842651367
500.mp3,0.3189084529876709,0.06770467758178711,0.15868330001831055,0.00469207763671875
529.mp3,0.09586668014526367,0.06626081466674805,0.08398127555847168,0.004194498062133789
360.mp3,0.0746769905090332,0.06735873222351074,0.18149828910827637,0.004632472991943359
35.mp3,0.12050890922546387,0.07590889930725098,0.1495068073272705,0.00477910041809082
693.mp3,0.13162779808044434,0.06573629379272461,0.20075511932373047,0.013807058334350586
517.mp3,0.10108733177185059,0.06654644012451172,0.14356565475463867,0.004548788070678711
583.mp3,0.0686793327331543,0.06611108779907227,0.15055084228515625,0.004286527633666992
597.mp3,0.07297921180725098,0.06660795211791992,0.14993810653686523,0.01076364517211914
126.mp3,0.08056187629699707,0.07047653198242188,0.11814999580383301,0.0039272308349609375
545.mp3,0.07306694984436035,0.0654900074005127,0.17435121536254883,0.004554271697998047
686.mp3,0.07052302360534668,0.0655970573425293,0.07646918296813965,0.0036733150482177734
237.mp3,0.06628036499023438,0.06562042236328125,0.11683082580566406,0.004230022430419922
322.mp3,0.06730270385742188,0.06645655632019043,0.0774695873260498,0.00410151481628418
585.mp3,0.1001896858215332,0.06757068634033203,0.12031793594360352,0.003988027572631836
582.mp3,0.07520771026611328,0.08577203750610352,0.22600102424621582,0.0054967403411865234
355.mp3,0.0969688892364502,0.0658111572265625,0.08185195922851562,0.0039288997650146484
115.mp3,0.10414242744445801,0.07079076766967773,0.11955475807189941,0.006191253662109375
214.mp3,0.10279464721679688,0.07160162925720215,0.17266607284545898,0.0049173831939697266
235.mp3,0.08821988105773926,0.07152962684631348,0.17124199867248535,0.004864692687988281
552.mp3,0.11249852180480957,0.07091283798217773,0.051921844482421875,0.003749847412109375
527.mp3,0.1043698787689209,0.06529426574707031,0.10793161392211914,0.003949165344238281
318.mp3,0.1381821632385254,0.07356786727905273,0.1788463592529297,0.004525899887084961
525.mp3,0.10088753700256348,0.06540870666503906,0.042806148529052734,0.0035462379455566406
280.mp3,0.12530899047851562,0.06737375259399414,0.08446764945983887,0.003986358642578125
306.mp3,0.10424137115478516,0.06581759452819824,0.12654733657836914,0.004808902740478516
709.mp3,0.07147955894470215,0.0637962818145752,0.1316685676574707,0.003983497619628906
579.mp3,0.07045793533325195,0.06703996658325195,0.16898584365844727,0.004281520843505859
696.mp3,0.12290191650390625,0.08474040031433105,0.054564476013183594,0.0037145614624023438
386.mp3,0.11945033073425293,0.0659627914428711,0.15800094604492188,0.004206418991088867
373.mp3,0.10137057304382324,0.06636834144592285,0.10349369049072266,0.0038590431213378906
158.mp3,0.1226358413696289,0.06525683403015137,0.15992140769958496,0.0049021244049072266
49.mp3,0.09963870048522949,0.07215452194213867,0.16432619094848633,0.004197359085083008
240.mp3,0.07277083396911621,0.06573486328125,0.15941786766052246,0.004189252853393555
255.mp3,0.11278557777404785,0.07543683052062988,0.12604451179504395,0.004329204559326172
174.mp3,0.108917236328125,0.08021712303161621,0.08661627769470215,0.0037801265716552734
81.mp3,0.06770157814025879,0.06732487678527832,0.15306758880615234,0.004632472991943359
380.mp3,0.07143259048461914,0.06806707382202148,0.13715291023254395,0.0041158199310302734
463.mp3,0.4238147735595703,0.09162497520446777,0.182692289352417,0.00501251220703125
666.mp3,0.17687559127807617,0.09045195579528809,0.04636526107788086,0.0033447742462158203
36.mp3,0.10534930229187012,0.07251262664794922,0.18514418601989746,0.004526853561401367
76.mp3,0.10886907577514648,0.06821775436401367,0.17927098274230957,0.005178213119506836
556.mp3,0.11578774452209473,0.0677802562713623,0.1948561668395996,0.0055162906646728516
643.mp3,0.1236259937286377,0.0784311294555664,0.0755910873413086,0.0036215782165527344
480.mp3,0.3441135883331299,0.06557679176330566,0.1860802173614502,0.005008220672607422
437.mp3,0.3521265983581543,0.1032412052154541,0.06034088134765625,0.004424095153808594
337.mp3,0.12572097778320312,0.08114027976989746,0.06439876556396484,0.003398418426513672
631.mp3,0.11341190338134766,0.0677485466003418,0.16422295570373535,0.005022287368774414
134.mp3,0.6607885360717773,0.09292316436767578,0.06873941421508789,0.0047473907470703125
623.mp3,0.0904996395111084,0.06709480285644531,0.1313619613647461,0.004551887512207031
725.mp3,0.06209206581115723,0.06544876098632812,0.0625913143157959,0.003334522247314453
282.mp3,0.10141777992248535,0.06605386734008789,0.13436388969421387,0.00445246696472168
151.mp3,0.8182806968688965,0.06770014762878418,0.06002616882324219,0.003487110137939453
20.mp3,0.06959223747253418,0.08035159111022949,0.1193227767944336,0.003918647766113281
16.mp3,0.06248903274536133,0.06623268127441406,0.06616973876953125,0.0040187835693359375
223.mp3,0.09601712226867676,0.06769990921020508,0.12385439872741699,0.004372835159301758
739.mp3,0.0802922248840332,0.06788301467895508,0.18292999267578125,0.004408121109008789
744.mp3,0.10346865653991699,0.06902647018432617,0.16779327392578125,0.0045473575592041016
79.mp3,0.11597228050231934,0.07208085060119629,0.2016892433166504,0.004662036895751953
715.mp3,0.1656501293182373,0.10374808311462402,0.16668391227722168,0.004400014877319336
41.mp3,0.20209813117980957,0.09306788444519043,0.20367121696472168,0.00474238395690918
267.mp3,0.1058652400970459,0.06820178031921387,0.16771864891052246,0.004794597625732422
466.mp3,0.07165694236755371,0.0670616626739502,0.2535090446472168,0.005398273468017578
29.mp3,0.09465289115905762,0.07401156425476074,0.10012698173522949,0.004311323165893555
477.mp3,0.07314896583557129,0.06783270835876465,0.20340752601623535,0.005545616149902344
619.mp3,0.06808757781982422,0.0668494701385498,0.1379547119140625,0.004502296447753906
407.mp3,0.11907005310058594,0.09624266624450684,0.12988853454589844,0.0040132999420166016
275.mp3,0.06833243370056152,0.06638288497924805,0.2137765884399414,0.00534820556640625
532.mp3,0.10667037963867188,0.06697964668273926,0.09111428260803223,0.004058122634887695
572.mp3,0.10930156707763672,0.06572532653808594,0.20137929916381836,0.004960775375366211
43.mp3,0.06882381439208984,0.06547760963439941,0.08987545967102051,0.0040531158447265625
586.mp3,0.11621856689453125,0.0677042007446289,0.16994237899780273,0.01765608787536621
23.mp3,0.0738070011138916,0.06964302062988281,0.1898965835571289,0.0051116943359375
195.mp3,0.1024484634399414,0.07134485244750977,0.169295072555542,0.005155801773071289
262.mp3,0.2411799430847168,0.0905904769897461,0.14934325218200684,0.004813194274902344
305.mp3,0.10944747924804688,0.06859564781188965,0.12781786918640137,0.004566192626953125
418.mp3,0.10865116119384766,0.06830573081970215,0.2543184757232666,0.0052449703216552734
719.mp3,0.07353067398071289,0.07736754417419434,0.09985899925231934,0.005295276641845703
33.mp3,0.2680399417877197,0.08571720123291016,0.20749902725219727,0.004797220230102539
433.mp3,0.606975793838501,0.06926918029785156,0.07376718521118164,0.0037124156951904297
698.mp3,0.10662722587585449,0.06865358352661133,0.07740116119384766,0.0036497116088867188
441.mp3,0.06144285202026367,0.06766510009765625,0.08054804801940918,0.0038499832153320312
458.mp3,0.11211776733398438,0.07602715492248535,0.17110085487365723,0.2892343997955322
159.mp3,0.629082441329956,0.06833624839782715,0.15614557266235352,0.00433802604675293
199.mp3,0.11055397987365723,0.06917738914489746,0.19199013710021973,0.005080461502075195
264.mp3,0.09407901763916016,0.06630897521972656,0.0400850772857666,0.003601551055908203
549.mp3,0.0868535041809082,0.06992292404174805,0.21564388275146484,0.004778385162353516
450.mp3,0.11093258857727051,0.07882356643676758,0.13209295272827148,0.004076957702636719
251.mp3,0.06343579292297363,0.06992411613464355,0.07606172561645508,0.0038700103759765625
590.mp3,0.10959839820861816,0.07030510902404785,0.21837544441223145,0.0073893070220947266
367.mp3,0.10630059242248535,0.06901860237121582,0.06256365776062012,0.0037343502044677734
483.mp3,0.09870743751525879,0.06696009635925293,0.07178568840026855,0.003574848175048828
56.mp3,0.06718802452087402,0.06679272651672363,0.11106395721435547,0.004220008850097656
48.mp3,0.11841988563537598,0.07614254951477051,0.18517398834228516,0.00460362434387207
740.mp3,0.10004925727844238,0.0679023265838623,0.11758875846862793,0.004094362258911133
167.mp3,0.07515907287597656,0.06809663772583008,0.1380753517150879,0.004229545593261719
112.mp3,0.07293987274169922,0.06879591941833496,0.1567826271057129,0.0049285888671875
551.mp3,0.07787871360778809,0.06606292724609375,0.21063017845153809,0.0047435760498046875
320.mp3,0.07522392272949219,0.06860113143920898,0.1818385124206543,0.0052568912506103516
215.mp3,0.07631349563598633,0.07381296157836914,0.1957840919494629,0.004498720169067383
564.mp3,0.08423066139221191,0.06793665885925293,0.14637255668640137,0.004313468933105469
53.mp3,0.10946083068847656,0.07040715217590332,0.06996798515319824,0.003602743148803711
736.mp3,0.0973658561706543,0.06720089912414551,0.1256403923034668,0.004012584686279297
96.mp3,0.07795190811157227,0.07892155647277832,0.16634082794189453,0.004453420639038086
77.mp3,0.13459467887878418,0.0982668399810791,0.12888526916503906,0.004470109939575195
44.mp3,0.11217141151428223,0.07539224624633789,0.1938190460205078,0.004580497741699219
128.mp3,0.07020020484924316,0.06906604766845703,0.07827281951904297,0.004915952682495117
699.mp3,0.1038515567779541,0.06958508491516113,0.1857891082763672,0.004738330841064453
489.mp3,0.22030019760131836,0.10755515098571777,0.10285162925720215,0.00399327278137207
196.mp3,0.11026144027709961,0.0709683895111084,0.21227407455444336,0.005001544952392578
156.mp3,0.06725502014160156,0.07160830497741699,0.09438514709472656,0.003803730010986328
562.mp3,0.10538458824157715,0.09014081954956055,0.06294703483581543,0.003507852554321289
621.mp3,0.11546683311462402,0.07762980461120605,0.22529149055480957,0.006025552749633789
381.mp3,0.13837671279907227,0.11229228973388672,0.23925042152404785,0.0053484439849853516
212.mp3,0.1635596752166748,0.10756897926330566,0.11260461807250977,0.0038213729858398438
287.mp3,0.1038358211517334,0.06631636619567871,0.11118674278259277,0.004553079605102539
614.mp3,0.24386167526245117,0.07303285598754883,0.0659019947052002,0.003585338592529297
428.mp3,0.14518952369689941,0.06839942932128906,0.17302703857421875,0.004465579986572266
297.mp3,0.11253190040588379,0.0710763931274414,0.20588183403015137,0.005657672882080078
64.mp3,0.06734204292297363,0.07490324974060059,0.10110926628112793,0.003894329071044922
417.mp3,0.10956978797912598,0.07425117492675781,0.08593034744262695,0.0036520957946777344
738.mp3,0.06598377227783203,0.07601523399353027,0.09285330772399902,0.005844593048095703
194.mp3,0.07940101623535156,0.07349777221679688,0.18359661102294922,0.005640745162963867
13.mp3,0.12776422500610352,0.07006573677062988,0.17583990097045898,0.004448890686035156
571.mp3,0.11284065246582031,0.0703270435333252,0.23611807823181152,0.005897998809814453
607.mp3,0.09481644630432129,0.06894397735595703,0.06720590591430664,0.0037522315979003906
474.mp3,0.10804557800292969,0.08325028419494629,0.22766852378845215,0.014025449752807617
476.mp3,0.1372826099395752,0.06687211990356445,0.1853177547454834,0.005611896514892578
238.mp3,0.06375837326049805,0.0680394172668457,0.042510271072387695,0.0033860206604003906
6.mp3,0.08151888847351074,0.06798243522644043,0.1676492691040039,0.004330873489379883
3.mp3,0.09778189659118652,0.08359670639038086,0.07120347023010254,0.004554033279418945
288.mp3,0.5110957622528076,0.06979966163635254,0.2115187644958496,0.0055773258209228516
658.mp3,0.0732107162475586,0.08553743362426758,0.1353137493133545,0.005114555358886719
12.mp3,0.5840561389923096,0.0674285888671875,0.1466362476348877,0.004295825958251953
659.mp3,0.11502814292907715,0.06985163688659668,0.16380095481872559,0.004446983337402344
21.mp3,0.1079413890838623,0.06540393829345703,0.1446537971496582,0.004080533981323242
682.mp3,0.1071774959564209,0.0672147274017334,0.1739940643310547,0.004425525665283203
679.mp3,0.10199284553527832,0.07348322868347168,0.17399382591247559,0.00476527214050293
300.mp3,0.10811233520507812,0.07174324989318848,0.07990765571594238,0.004669904708862305
144.mp3,0.10342097282409668,0.0670166015625,0.11458969116210938,0.004266023635864258
594.mp3,0.09792494773864746,0.0667724609375,0.08205723762512207,0.0036237239837646484
513.mp3,0.20766520500183105,0.06858229637145996,0.187286376953125,0.0045468807220458984
588.mp3,0.18913507461547852,0.11531853675842285,0.15575528144836426,0.004881143569946289
605.mp3,0.10932254791259766,0.07310891151428223,0.2299818992614746,0.004845142364501953
359.mp3,0.12240362167358398,0.06727814674377441,0.1286935806274414,0.004367828369140625
742.mp3,0.1253678798675537,0.07277655601501465,0.20974421501159668,0.017408370971679688
730.mp3,0.07417511940002441,0.07368803024291992,0.15074920654296875,0.0044667720794677734
105.mp3,0.15370917320251465,0.07733345031738281,0.20621895790100098,0.005319118499755859
432.mp3,0.12007331848144531,0.09201645851135254,0.1528773307800293,0.007422685623168945
660.mp3,0.0864717960357666,0.0742027759552002,0.1831068992614746,0.004710197448730469
295.mp3,0.10370588302612305,0.07296395301818848,0.16885614395141602,0.0052165985107421875
132.mp3,0.09820079803466797,0.06645059585571289,0.1337718963623047,0.004060268402099609
309.mp3,0.10108757019042969,0.07203149795532227,0.08364582061767578,0.003881692886352539
92.mp3,0.11081981658935547,0.0781412124633789,0.17877697944641113,0.004937887191772461
570.mp3,0.1026308536529541,0.06905770301818848,0.14514470100402832,0.004171848297119141
503.mp3,0.23875904083251953,0.0785055160522461,0.0900576114654541,0.004066944122314453
338.mp3,0.12453889846801758,0.06510186195373535,0.1860671043395996,0.0054607391357421875
555.mp3,0.07085180282592773,0.07283163070678711,0.11273980140686035,0.004494667053222656
519.mp3,0.112701416015625,0.0758354663848877,0.22035622596740723,0.00506281852722168
173.mp3,0.08240389823913574,0.06867742538452148,0.1922438144683838,0.0056819915771484375
197.mp3,0.10062003135681152,0.07148981094360352,0.07480120658874512,0.004075765609741211
104.mp3,0.10348248481750488,0.07259368896484375,0.18633270263671875,0.004784584045410156
198.mp3,0.12069559097290039,0.09062051773071289,0.15635013580322266,0.004314422607421875
283.mp3,0.09440374374389648,0.06673932075500488,0.08953857421875,0.004331350326538086
499.mp3,0.1049337387084961,0.0693507194519043,0.18922758102416992,0.005537986755371094
254.mp3,0.1386251449584961,0.07667160034179688,0.20443177223205566,0.004676342010498047
544.mp3,0.1144859790802002,0.06895327568054199,0.12960076332092285,0.004228115081787109
143.mp3,0.09723973274230957,0.06807279586791992,0.12305927276611328,0.004151582717895508
190.mp3,0.0959172248840332,0.06881308555603027,0.04839444160461426,0.004280567169189453
186.mp3,0.10471725463867188,0.07178211212158203,0.08469820022583008,0.0035169124603271484
674.mp3,0.1312699317932129,0.0816800594329834,0.09691905975341797,0.003955841064453125
228.mp3,0.06940412521362305,0.07892537117004395,0.14690208435058594,0.004598140716552734
718.mp3,0.10080265998840332,0.0696415901184082,0.12344837188720703,0.004316806793212891
205.mp3,0.11870718002319336,0.10262370109558105,0.09108424186706543,0.0037200450897216797
180.mp3,0.0959014892578125,0.06549072265625,0.05798697471618652,0.003601551055908203
138.mp3,0.09861397743225098,0.06555747985839844,0.08138298988342285,0.0036139488220214844
459.mp3,0.0705108642578125,0.07155585289001465,0.14110088348388672,0.004748821258544922
178.mp3,0.11716699600219727,0.06747555732727051,0.1794588565826416,0.004446268081665039
396.mp3,0.13298511505126953,0.07037115097045898,0.18147921562194824,0.0045011043548583984
312.mp3,0.10341501235961914,0.06935286521911621,0.17974066734313965,0.004189968109130859
58.mp3,0.13698673248291016,0.06990337371826172,0.16065478324890137,0.004971504211425781
366.mp3,0.10177254676818848,0.07668352127075195,0.1781151294708252,0.0045778751373291016
37.mp3,0.1141202449798584,0.06646108627319336,0.18691134452819824,0.0049936771392822266
479.mp3,0.12891292572021484,0.07337450981140137,0.13089704513549805,0.005571126937866211
344.mp3,0.11371326446533203,0.09472036361694336,0.05090522766113281,0.003466367721557617
678.mp3,0.7814557552337646,0.06672334671020508,0.1604015827178955,0.14473676681518555
177.mp3,0.3049345016479492,0.08770132064819336,0.10022830963134766,0.004300355911254883
561.mp3,0.14016389846801758,0.06796765327453613,0.13185453414916992,0.006231546401977539
25.mp3,0.1574995517730713,0.0800330638885498,0.0848546028137207,0.004595518112182617
521.mp3,0.18451452255249023,0.11192631721496582,0.06652092933654785,0.0038213729858398438
534.mp3,0.5000758171081543,0.06703877449035645,0.1357440948486328,0.0041692256927490234
637.mp3,0.09160065650939941,0.06515383720397949,0.09109711647033691,0.0043141841888427734
424.mp3,0.12913012504577637,0.0674734115600586,0.18338584899902344,0.0045964717864990234
383.mp3,0.07107830047607422,0.06652140617370605,0.16053485870361328,0.004949808120727539
340.mp3,0.06996035575866699,0.06867313385009766,0.1145477294921875,0.0043332576751708984
256.mp3,0.1019439697265625,0.06412625312805176,0.05420732498168945,0.0036628246307373047
409.mp3,0.10303878784179688,0.06543874740600586,0.0965263843536377,0.003835916519165039
371.mp3,0.12097740173339844,0.07219862937927246,0.1855926513671875,0.00452733039855957
328.mp3,0.09221768379211426,0.07371783256530762,0.08092498779296875,0.003904104232788086
469.mp3,0.10868167877197266,0.06779956817626953,0.13225913047790527,0.004372358322143555
673.mp3,0.09579873085021973,0.06501221656799316,0.10209441184997559,0.003811359405517578
456.mp3,0.09148097038269043,0.06502294540405273,0.08389711380004883,0.0036802291870117188
4.mp3,0.06823945045471191,0.06608772277832031,0.1200261116027832,0.00397944450378418
330.mp3,0.21647262573242188,0.07280635833740234,0.20960450172424316,0.004621744155883789
680.mp3,0.07605242729187012,0.06749391555786133,0.21764779090881348,0.005102634429931641
734.mp3,0.16451263427734375,0.0685262680053711,0.09097838401794434,0.0037338733673095703
299.mp3,0.1110846996307373,0.08536052703857422,0.17226934432983398,0.004317283630371094
281.mp3,0.10990285873413086,0.06844615936279297,0.2044544219970703,0.004741668701171875
504.mp3,0.10087847709655762,0.06826663017272949,0.12677884101867676,0.00397491455078125
404.mp3,0.06760382652282715,0.06762886047363281,0.05800271034240723,0.0034046173095703125
714.mp3,0.10452556610107422,0.07306075096130371,0.15016818046569824,0.0047435760498046875
351.mp3,0.0723731517791748,0.11095643043518066,0.13632988929748535,0.004492282867431641
225.mp3,0.09981226921081543,0.06424951553344727,0.03517723083496094,0.0033118724822998047
470.mp3,0.07779073715209961,0.06707978248596191,0.20857977867126465,0.005093812942504883
52.mp3,0.10410070419311523,0.0705876350402832,0.2025012969970703,0.006523847579956055
170.mp3,0.09988164901733398,0.07411861419677734,0.08324074745178223,0.003699064254760742
100.mp3,0.07018470764160156,0.07724690437316895,0.12252640724182129,0.0046923160552978516
154.mp3,0.11392521858215332,0.0681157112121582,0.2134084701538086,0.004800558090209961
691.mp3,0.07911801338195801,0.06398129463195801,0.0801842212677002,0.003951549530029297
290.mp3,0.095489501953125,0.06522917747497559,0.06908822059631348,0.003988742828369141
592.mp3,0.0968625545501709,0.06935334205627441,0.19124126434326172,0.22031855583190918
274.mp3,0.0678701400756836,0.06649017333984375,0.1043546199798584,0.003862142562866211
246.mp3,0.10250711441040039,0.06998705863952637,0.10883283615112305,0.0038385391235351562
38.mp3,0.1671609878540039,0.06759405136108398,0.19702529907226562,0.004763126373291016
416.mp3,0.11256670951843262,0.09511971473693848,0.07772612571716309,0.0040435791015625
626.mp3,0.12394332885742188,0.0703897476196289,0.2079610824584961,0.004917621612548828
208.mp3,0.10416507720947266,0.06641411781311035,0.06852364540100098,0.003575563430786133
259.mp3,0.1096653938293457,0.07135772705078125,0.18766140937805176,0.005113840103149414
634.mp3,0.12420511245727539,0.06972551345825195,0.19219255447387695,0.004781246185302734
80.mp3,0.10169458389282227,0.06683015823364258,0.13555908203125,0.003974437713623047
162.mp3,0.10991764068603516,0.0670006275177002,0.20108723640441895,0.005636453628540039
543.mp3,0.06702589988708496,0.06711578369140625,0.1407160758972168,0.00410008430480957
604.mp3,0.08062505722045898,0.07075333595275879,0.19321846961975098,0.016724109649658203
462.mp3,0.15924477577209473,0.09275650978088379,0.08775830268859863,0.0040111541748046875
617.mp3,0.1009073257446289,0.0668935775756836,0.06526756286621094,0.0036249160766601562
650.mp3,0.6783525943756104,0.06859135627746582,0.1532893180847168,0.004604339599609375
278.mp3,0.23836302757263184,0.10149645805358887,0.4740457534790039,0.030022144317626953
34.mp3,0.19868969917297363,0.15181636810302734,0.24656891822814941,0.005375862121582031
206.mp3,0.21036124229431152,0.13719534873962402,0.32143688201904297,0.0077056884765625
491.mp3,0.17522454261779785,0.16386842727661133,0.3182404041290283,0.004964113235473633
444.mp3,0.14253997802734375,0.1149892807006836,0.1369774341583252,0.003873109817504883
133.mp3,0.15381908416748047,0.11830663681030273,0.23483824729919434,0.004525184631347656
632.mp3,0.13044500350952148,0.14411282539367676,0.18605995178222656,0.005289554595947266
97.mp3,0.15517878532409668,0.1135091781616211,0.2455296516418457,0.008499860763549805
161.mp3,0.08817458152770996,0.11347293853759766,0.14441823959350586,0.0038094520568847656
296.mp3,0.14218950271606445,0.11064648628234863,0.13899827003479004,0.0037064552307128906
147.mp3,0.12199807167053223,0.11308407783508301,0.11045694351196289,0.0040302276611328125
148.mp3,0.14755821228027344,0.13315677642822266,0.22603130340576172,0.005845546722412109
537.mp3,0.10849165916442871,0.11625266075134277,0.09405708312988281,0.003824949264526367
7.mp3,0.09750056266784668,0.09242987632751465,0.06595754623413086,0.0037078857421875
8.mp3,0.1390244960784912,0.12092924118041992,0.21335363388061523,0.006089210510253906
613.mp3,0.09770894050598145,0.10221290588378906,0.19532394409179688,0.0048367977142333984
401.mp3,0.14135241508483887,0.09743094444274902,0.20551347732543945,0.00412297248840332
640.mp3,0.13902020454406738,0.11007881164550781,0.28098392486572266,0.00780177116394043
83.mp3,0.15493512153625488,0.1217489242553711,0.26216888427734375,0.004601955413818359
720.mp3,0.08854389190673828,0.1119375228881836,0.13785648345947266,0.004938840866088867
325.mp3,0.1497950553894043,0.10021281242370605,0.31847357749938965,0.006933927536010742
164.mp3,0.13037395477294922,0.11279654502868652,0.3341999053955078,0.005634784698486328
75.mp3,0.12767601013183594,0.10353469848632812,0.14231252670288086,0.0036787986755371094
182.mp3,0.1615452766418457,0.11388969421386719,0.22461462020874023,0.004979372024536133
332.mp3,0.09153294563293457,0.12451386451721191,0.2535436153411865,0.012527227401733398
741.mp3,0.13527894020080566,0.147369384765625,0.09455013275146484,0.003839254379272461
323.mp3,0.12901997566223145,0.11892914772033691,0.253023624420166,0.004441738128662109
711.mp3,0.13120436668395996,0.10682487487792969,0.10653948783874512,0.003531932830810547
461.mp3,0.1300034523010254,0.11200141906738281,0.11592459678649902,0.005001068115234375
135.mp3,0.15611600875854492,0.10968518257141113,0.20161747932434082,0.004296302795410156
702.mp3,0.1572706699371338,0.11787080764770508,0.27909088134765625,0.004875898361206055
465.mp3,0.7515463829040527,0.09983515739440918,0.1751384735107422,0.004424095153808594
627.mp3,0.11307954788208008,0.11028218269348145,0.12244749069213867,0.004960060119628906
701.mp3,0.13422489166259766,0.12298774719238281,0.1382582187652588,0.003647327423095703
327.mp3,0.10748672485351562,0.12331938743591309,0.1752767562866211,0.006292819976806641
222.mp3,0.1128084659576416,0.11036157608032227,0.15768957138061523,0.012105703353881836
139.mp3,0.13037395477294922,0.10903048515319824,0.18970084190368652,0.01236581802368164
482.mp3,0.1159520149230957,0.10753273963928223,0.26340460777282715,0.004716396331787109
137.mp3,0.1262073516845703,0.12969303131103516,0.11589574813842773,0.003521442413330078
319.mp3,0.13994050025939941,0.11284518241882324,0.30834126472473145,0.0045888423919677734
486.mp3,0.5531253814697266,0.09488487243652344,0.30091214179992676,0.004876375198364258
266.mp3,0.45512843132019043,0.10475802421569824,0.36023998260498047,0.006537437438964844
183.mp3,0.17185640335083008,0.13349103927612305,0.24934959411621094,0.007344245910644531
642.mp3,0.4346907138824463,0.11273646354675293,0.14290189743041992,0.0038771629333496094
445.mp3,1.2322947978973389,0.14860248565673828,0.3029978275299072,0.008026361465454102
615.mp3,0.17508983612060547,0.11051750183105469,0.15094685554504395,0.0037240982055664062
45.mp3,0.11377954483032227,0.12991595268249512,0.279019832611084,0.004497528076171875
533.mp3,0.15785813331604004,0.13912606239318848,0.23330450057983398,0.004555940628051758
245.mp3,0.13434076309204102,0.11932754516601562,0.13784217834472656,0.004355669021606445
261.mp3,0.1349165439605713,0.12718415260314941,0.13486742973327637,0.012873411178588867
26.mp3,0.22686338424682617,0.15904927253723145,0.3789360523223877,0.006148815155029297
326.mp3,0.10709714889526367,0.13114166259765625,0.18641877174377441,0.0039215087890625
536.mp3,0.1898212432861328,0.13693475723266602,0.10402154922485352,0.00391697883605957
690.mp3,0.12770771980285645,0.12898707389831543,0.32250142097473145,0.006711006164550781
495.mp3,0.13358044624328613,0.13789772987365723,0.23094439506530762,0.0064890384674072266
595.mp3,0.14017224311828613,0.12173223495483398,0.1396348476409912,0.004293680191040039
233.mp3,0.10262250900268555,0.1058351993560791,0.12204551696777344,0.0036623477935791016
370.mp3,0.12530922889709473,0.13624811172485352,0.27608203887939453,0.013297319412231445
239.mp3,0.15201067924499512,0.1360001564025879,0.2779209613800049,0.0046613216400146484
384.mp3,0.12522673606872559,0.09529805183410645,0.10987496376037598,0.005035400390625
576.mp3,0.12233519554138184,0.10907554626464844,0.12437748908996582,0.004102468490600586
302.mp3,0.13123631477355957,0.10602784156799316,0.18898963928222656,0.003951311111450195
258.mp3,0.13661670684814453,0.14092373847961426,0.24570417404174805,0.004706144332885742
187.mp3,0.11675596237182617,0.12781023979187012,0.11326169967651367,0.004271745681762695
271.mp3,0.0928797721862793,0.1375117301940918,0.12235164642333984,0.0035741329193115234
731.mp3,0.147247314453125,0.08938717842102051,0.2933781147003174,0.006472349166870117
189.mp3,0.11392855644226074,0.09779024124145508,0.05242514610290527,0.0033693313598632812
91.mp3,0.09983372688293457,0.06668615341186523,0.16823720932006836,0.00442814826965332
501.mp3,0.10333251953125,0.0684962272644043,0.12510418891906738,0.004086971282958984
181.mp3,0.07966947555541992,0.06636381149291992,0.06608939170837402,0.0035927295684814453
522.mp3,0.11938071250915527,0.06901431083679199,0.16067934036254883,0.004404306411743164
728.mp3,0.6871974468231201,0.08441686630249023,0.08989429473876953,0.00422358512878418
30.mp3,0.10482978820800781,0.0676567554473877,0.1124110221862793,0.004016876220703125
684.mp3,0.11107802391052246,0.10396099090576172,0.0620579719543457,0.003814697265625
410.mp3,0.10211825370788574,0.06705760955810547,0.13411569595336914,0.004448413848876953
708.mp3,0.09895849227905273,0.0748591423034668,0.11310052871704102,0.004019260406494141
429.mp3,0.10350513458251953,0.07501626014709473,0.18574929237365723,0.004705190658569336
268.mp3,0.36989903450012207,0.0764768123626709,0.19696688652038574,0.0047991275787353516
512.mp3,0.6071715354919434,0.07526564598083496,0.09559154510498047,0.003595590591430664
703.mp3,0.3067970275878906,0.07229733467102051,0.18942618370056152,0.00518345832824707
668.mp3,0.22161483764648438,0.08116579055786133,0.07237100601196289,0.017461776733398438
393.mp3,0.6473839282989502,0.07940435409545898,0.19476103782653809,0.00472712516784668
568.mp3,0.13750910758972168,0.07844710350036621,0.09260392189025879,0.004877805709838867
671.mp3,0.10817956924438477,0.09350967407226562,0.12724089622497559,0.0062105655670166016
399.mp3,0.27266359329223633,0.07424092292785645,0.16469717025756836,0.0047833919525146484
676.mp3,0.19951248168945312,0.07720279693603516,0.11715459823608398,0.0044286251068115234
329.mp3,0.653740406036377,0.08005762100219727,0.13280677795410156,0.0050013065338134766
